{
    "total_runtime": 54.98041105270386,
    "num_documents": 1,
    "input_load_time": 0,
    "workflows": {
        "create_final_entities": {
            "overall": 51.6089289188385,
            "0_unpack_graph": 0.00781869888305664,
            "1_rename": 0.0011162757873535156,
            "2_select": 0.0013823509216308594,
            "3_dedupe": 0.0012598037719726562,
            "4_rename": 0.0008692741394042969,
            "5_filter": 0.009236574172973633,
            "6_text_split": 0.003488302230834961,
            "7_drop": 0.0011484622955322266,
            "8_merge": 0.015076160430908203,
            "9_text_embed": 51.55802893638611,
            "10_drop": 0.001294851303100586,
            "11_filter": 0.0073626041412353516
        }
    }
}